MODULE_INSTANCE_ID,MODULE_LEVEL,ACADEMIC_YEAR_START,TERM,DEPARTMENT_ID
I2301023,L6,2023,202310,D15
I2301962,L6,2023,202310,D23
I2302261,L6,2023,202310,D15
I2301236,L6,2023,202320,D02
I2302240,L6,2023,202310,D16
I2301112,L6,2023,202320,D16
I2302331,L6,2023,202310,D03
I2300683,L7,2023,202310,D14
I2302220,L6,2023,202320,D15
I2302047,L6,2023,202310,D16
I2302649,L7,2023,202310,D14
I2301530,L6,2023,202320,D16
I2301323,L6,2023,202310,D23
I2302739,L6,2023,202310,D16
I2300422,L7,2023,202310,D09
I2300113,L6,2023,202320,D16
I2301844,L6,2023,202320,D16
I2302635,L6,2023,202310,D03
I2301291,L7,2023,202320,D14
I2302436,L6,2023,202320,D15
I2300962,L6,2023,202320,D15
I2301055,L6,2023,202310,D09
I2301886,L6,2023,202320,D16
I2301032,L6,2023,202310,D16
I2301648,L6,2023,202320,D16
I2302496,L7,2023,202310,D02
I2302272,L6,2023,202310,D16
I2301927,L6,2023,202310,D16
I2301049,L6,2023,202320,D27
I2302506,L6,2023,202310,D16
I2301276,L6,2023,202320,D16
I2300369,L7,2023,202320,D14
I2302347,L6,2023,202320,D16
I2302662,L7,2023,202310,D14
I2301173,L6,2023,202310,D27
I2302709,L6,2023,202320,D27
I2300245,L7,2023,202330,D22
I2302013,L6,2023,202310,D03
I2302344,L6,2023,202310,D16
I2300880,L6,2023,202310,D16
I2300623,L6,2023,202310,D16
I2301638,L6,2023,202310,D16
I2301929,L6,2023,202310,D16
I2301882,L6,2023,202310,D16
I2302023,L6,2023,202310,D16
I2302130,L6,2023,202310,D16
I2300275,L5,2023,202310,D16
I2301319,L5,2023,202310,D16
I2302488,L6,2023,202310,D16
I2302081,L6,2023,202310,D16
I2301978,L6,2023,202310,D16
I2300752,L6,2023,202310,D16
I2302732,L5,2023,202310,D16
I2301186,L6,2023,202310,D16
I2302166,L6,2023,202310,D16
I2302005,L6,2023,202310,D16
I2302078,L6,2023,202310,D16
I2302715,L6,2023,202310,D16
I2301008,L6,2023,202320,D16
I2301874,L6,2023,202310,D16
I2302507,L4,2023,202310,D16
I2301753,L6,2023,202310,D16
I2300089,L6,2023,202310,D16
I2301853,L6,2023,202310,D16
I2301794,L6,2023,202310,D16
I2301343,L6,2023,202310,D15
I2301083,L6,2023,202320,D09
I2301483,L6,2023,202310,D02
I2301769,L7,2023,202320,D14
I2301861,L7,2023,202310,D14
I2300426,L6,2023,202320,D23
I2301704,L6,2023,202320,D16
I2302626,L6,2023,202320,D16
I2300966,L6,2023,202320,D16
I2301350,L6,2023,202320,D16
I2301818,L6,2023,202320,D16
I2301227,L6,2023,202320,D16
I2301574,L6,2023,202320,D16
I2300805,L6,2023,202320,D16
I2300855,L6,2023,202320,D16
I2302654,L6,2023,202320,D16
I2301734,L6,2023,202320,D16
I2300596,L6,2023,202320,D16
I2302596,L6,2023,202320,D16
I2302202,L6,2023,202320,D16
I2301768,L6,2023,202320,D16
I2301846,L6,2023,202320,D16
I2301039,L6,2023,202320,D16
I2300589,L5,2023,202330,D16
I2300499,L7,2023,202310,D14
I2302461,L6,2023,202310,D15
I2300420,L6,2023,202320,D15
I2302434,L6,2023,202320,D09
I2300328,L7,2023,202310,D22
I2300224,L6,2023,202310,D09
I2300773,L6,2023,202310,D09
I2301607,L6,2023,202320,D09
I2302675,L6,2023,202320,D23
I2301752,L6,2023,202310,D23
I2300865,L7,2023,202320,D14
I2300741,L6,2023,202310,D09
I2301879,L7,2023,202320,D14
I2300059,L6,2023,202320,D15
I2300857,L6,2023,202310,D03
I2301222,L7,2023,202310,D14
I2300681,L6,2023,202320,D15
I2300540,L6,2023,202320,D15
I2302391,L6,2023,202310,D03
I2301040,L6,2023,202310,D03
I2300300,L6,2023,202310,D03
I2301801,L7,2023,202320,D14
I2300903,L7,2023,202320,D15
I2301110,L6,2023,202310,D09
I2302730,L6,2023,202310,D09
I2300678,L6,2023,202310,D03
I2301361,L6,2023,202310,D03
I2302641,L6,2023,202310,D12
I2300455,L4,2023,202310,D12
I2300302,L6,2023,202310,D12
I2300609,L5,2023,202310,D12
I2302668,L6,2023,202320,D12
I2300716,L6,2023,202310,D12
I2301033,L6,2023,202320,D12
I2301992,L6,2023,202320,D12
I2302681,L6,2023,202320,D12
I2302315,L6,2023,202320,D12
I2300090,L6,2023,202320,D12
I2302463,L6,2023,202320,D12
I2301763,L7,2023,202320,D14
I2301841,L6,2023,202310,D15
I2302176,L6,2023,202310,D03
I2300217,L6,2023,202310,D15
I2302719,L6,2023,202310,D15
I2300323,L6,2023,202310,D15
I2302427,L4,2023,202310,D15
I2301549,L7,2023,202310,D14
I2300179,L6,2023,202310,D09
I2301742,L6,2023,202320,D23
I2301167,L6,2023,202310,D03
I2301249,L6,2023,202310,D03
I2301536,L6,2023,202320,D27
I2300801,L6,2023,202320,D03
I2301157,L6,2023,202310,D03
I2300068,L6,2023,202310,D03
I2300616,L6,2023,202310,D03
I2300431,L6,2023,202310,D03
I2302296,L6,2023,202320,D09
I2302645,L6,2023,202320,D09
I2301558,L7,2023,202320,D14
I2301406,L7,2023,202320,D14
I2302073,L7,2023,202320,D14
I2300395,L7,2023,202310,D14
I2300950,L7,2023,202310,D14
I2302057,L7,2023,202310,D14
I2301957,L7,2023,202310,D14
I2302121,L7,2023,202310,D02
I2301477,L6,2023,202320,D23
I2301792,L6,2023,202310,D02
I2300856,L6,2023,202310,D27
I2301709,L7,2023,202310,D06
I2300663,L7,2023,202310,D26
I2300136,L7,2023,202320,D26
I2300251,L7,2023,202310,D26
I2300092,L7,2023,202310,D26
I2302540,L7,2023,202320,D26
I2300610,L7,2023,202320,D26
I2301136,L7,2023,202310,D26
I2300792,L7,2023,202330,D26
I2300213,L7,2023,202310,D12
I2301151,L5,2023,202310,D12
I2301420,L7,2023,202310,D12
I2302547,L4,2023,202310,D12
I2300494,L6,2023,202310,D12
I2300501,L7,2023,202310,D12
I2301432,L7,2023,202310,D12
I2301080,L7,2023,202310,D12
I2301201,L7,2023,202310,D12
I2301025,L7,2023,202310,D12
I2300357,L7,2023,202310,D12
I2301280,L4,2023,202310,D12
I2300109,L7,2023,202320,D12
I2300719,L5,2023,202310,D12
I2300963,L7,2023,202310,D12
I2301941,L4,2023,202310,D12
I2302192,L5,2023,202310,D12
I2302099,L7,2023,202310,D12
I2300874,L7,2023,202310,D12
I2301986,L7,2023,202310,D12
I2300787,L6,2023,202310,D12
I2301873,L7,2023,202310,D12
I2302574,L7,2023,202310,D12
I2300572,L7,2023,202310,D12
I2301964,L7,2023,202310,D12
I2301534,L7,2023,202310,D12
I2301872,L7,2023,202310,D12
I2300195,L7,2023,202310,D12
I2300280,L7,2023,202310,D12
I2302111,L7,2023,202310,D12
I2302024,L7,2023,202310,D12
I2302179,L7,2023,202310,D12
I2300171,L6,2023,202310,D12
I2301126,L6,2023,202310,D12
I2300889,L7,2023,202310,D12
I2301198,L7,2023,202310,D12
I2300883,L6,2023,202310,D12
I2301789,L7,2023,202310,D26
I2300186,L7,2023,202310,D26
I2301833,L7,2023,202320,D26
I2301357,L7,2023,202310,D10
I2301243,L7,2023,202310,D10
I2302080,L7,2023,202310,D10
I2300140,L7,2023,202310,D10
I2301554,L7,2023,202310,D10
I2300763,L7,2023,202310,D10
I2302502,L7,2023,202310,D10
I2302437,L7,2023,202310,D10
I2302108,L7,2023,202310,D10
I2300542,L7,2023,202310,D10
I2300661,L7,2023,202310,D10
I2302059,L7,2023,202310,D10
I2300152,L7,2023,202310,D10
I2302569,L7,2023,202310,D10
I2300098,L4,2023,202310,D10
I2301774,L7,2023,202310,D10
I2301696,L7,2023,202310,D10
I2301328,L6,2023,202310,D10
I2301407,L7,2023,202310,D10
I2301766,L6,2023,202310,D10
I2302035,L6,2023,202320,D10
I2300625,L4,2023,202310,D10
I2301063,L7,2023,202310,D10
I2302518,L4,2023,202310,D10
I2301288,L5,2023,202310,D10
I2300690,L7,2023,202310,D10
I2302582,L6,2023,202310,D10
I2302231,L5,2023,202310,D10
I2301155,L7,2023,202310,D10
I2300704,L7,2023,202310,D10
I2300848,L7,2023,202310,D10
I2300638,L7,2023,202310,D10
I2301726,L7,2023,202310,D10
I2301732,L7,2023,202310,D10
I2301417,L7,2023,202310,D10
I2301235,L6,2023,202310,D10
I2300968,L5,2023,202310,D10
I2301426,L7,2023,202310,D10
I2300622,L7,2023,202310,D10
I2301027,L7,2023,202310,D10
I2301837,L7,2023,202310,D10
I2301139,L5,2023,202310,D10
I2302386,L7,2023,202310,D10
I2301645,L5,2023,202310,D10
I2302356,L4,2023,202310,D10
I2300259,L7,2023,202310,D10
I2301604,L7,2023,202310,D10
I2300203,L7,2023,202310,D10
I2301238,L7,2023,202310,D10
I2302287,L6,2023,202310,D10
I2301370,L7,2023,202310,D10
I2300305,L7,2023,202310,D10
I2301504,L7,2023,202310,D10
I2300541,L7,2023,202310,D10
I2302050,L7,2023,202310,D10
I2300548,L5,2023,202310,D10
I2302097,L7,2023,202310,D10
I2302725,L5,2023,202310,D10
I2302566,L5,2023,202310,D10
I2301071,L7,2023,202310,D10
I2300009,L7,2023,202310,D10
I2300048,L7,2023,202310,D10
I2300706,L7,2023,202310,D10
I2300529,L7,2023,202310,D10
I2301906,L4,2023,202310,D10
I2300556,L7,2023,202310,D10
I2302311,L7,2023,202310,D10
I2300986,L5,2023,202310,D10
I2302207,L7,2023,202310,D09
I2302468,L7,2023,202310,D09
I2302139,L6,2023,202310,D09
I2301372,L7,2023,202310,D09
I2300941,L7,2023,202310,D09
I2300810,L7,2023,202310,D09
I2300429,L7,2023,202310,D09
I2302422,L4,2023,202310,D09
I2302167,L7,2023,202310,D09
I2301268,L5,2023,202310,D09
I2302580,L7,2023,202310,D09
I2300879,L6,2023,202310,D09
I2301433,L7,2023,202310,D09
I2301509,L7,2023,202310,D09
I2302021,L7,2023,202310,D09
I2301572,L7,2023,202310,D09
I2302539,L7,2023,202310,D09
I2300692,L7,2023,202310,D09
I2302268,L7,2023,202310,D09
I2301908,L7,2023,202310,D09
I2300012,L7,2023,202310,D09
I2300210,L6,2023,202310,D09
I2302656,L7,2023,202310,D09
I2301102,L7,2023,202310,D09
I2302563,L6,2023,202310,D09
I2301973,L7,2023,202310,D09
I2302163,L7,2023,202310,D09
I2301017,L7,2023,202310,D09
I2301516,L7,2023,202310,D09
I2301466,L6,2023,202310,D09
I2301571,L6,2023,202310,D09
I2300611,L7,2023,202310,D09
I2302116,L7,2023,202310,D09
I2301820,L7,2023,202310,D09
I2300123,L7,2023,202310,D09
I2300132,L6,2023,202320,D09
I2302584,L7,2023,202310,D09
I2300564,L7,2023,202310,D09
I2301051,L7,2023,202310,D09
I2302366,L7,2023,202310,D09
I2300573,L7,2023,202310,D09
I2300390,L7,2023,202310,D09
I2300030,L7,2023,202310,D09
I2302525,L5,2023,202310,D09
I2300650,L7,2023,202310,D09
I2300604,L5,2023,202310,D09
I2301553,L4,2023,202310,D09
I2302639,L5,2023,202310,D09
I2302254,L5,2023,202310,D09
I2302040,L5,2023,202310,D09
I2301651,L6,2023,202310,D21
I2302267,L7,2023,202310,D21
I2302429,L4,2023,202310,D21
I2301851,L7,2023,202310,D21
I2301224,L6,2023,202310,D21
I2300400,L6,2023,202310,D21
I2300160,L4,2023,202310,D21
I2300298,L7,2023,202310,D21
I2301621,L7,2023,202310,D21
I2301480,L5,2023,202310,D21
I2302062,L5,2023,202310,D21
I2301317,L7,2023,202310,D21
I2300190,L6,2023,202310,D21
I2302503,L5,2023,202310,D21
I2300583,L5,2023,202310,D21
I2302421,L5,2023,202310,D21
I2300977,L6,2023,202310,D21
I2300467,L7,2023,202310,D21
I2300667,L7,2023,202310,D03
I2301616,L7,2023,202310,D03
I2301667,L5,2023,202310,D03
I2301673,L6,2023,202310,D03
I2301428,L5,2023,202310,D03
I2301968,L7,2023,202310,D03
I2300453,L5,2023,202310,D03
I2302544,L5,2023,202310,D03
I2301379,L6,2023,202310,D03
I2300013,L5,2023,202310,D03
I2300446,L7,2023,202310,D03
I2300471,L7,2023,202310,D03
I2300033,L7,2023,202310,D03
I2300122,L7,2023,202310,D03
I2302022,L7,2023,202310,D03
I2302410,L7,2023,202310,D03
I2300144,L5,2023,202310,D03
I2301809,L7,2023,202310,D03
I2300775,L4,2023,202310,D03
I2302524,L5,2023,202310,D03
I2300975,L4,2023,202310,D03
I2301414,L7,2023,202310,D03
I2301365,L4,2023,202310,D03
I2302499,L7,2023,202310,D03
I2301489,L7,2023,202320,D03
I2300073,L7,2023,202310,D03
I2302304,L4,2023,202310,D03
I2301377,L7,2023,202310,D03
I2301077,L5,2023,202310,D03
I2302260,L5,2023,202310,D03
I2301356,L7,2023,202310,D03
I2302707,L7,2023,202310,D03
I2302262,L7,2023,202310,D19
I2301737,L4,2023,202310,D19
I2302573,L5,2023,202310,D19
I2302368,L7,2023,202310,D19
I2300881,L6,2023,202310,D19
I2302592,L6,2023,202310,D19
I2301764,L6,2023,202310,D19
I2301410,L6,2023,202310,D19
I2300484,L6,2023,202320,D19
I2302312,L5,2023,202310,D19
I2300820,L6,2023,202310,D19
I2302729,L6,2023,202320,D19
I2302520,L5,2023,202310,D19
I2300131,L7,2023,202310,D19
I2301138,L7,2023,202310,D19
I2300301,L7,2023,202310,D19
I2301514,L7,2023,202310,D19
I2301860,L7,2023,202310,D24
I2301144,L7,2023,202310,D24
I2300544,L6,2023,202310,D24
I2300536,L7,2023,202310,D25
I2302056,L7,2023,202310,D25
I2302412,L7,2023,202310,D25
I2301797,L7,2023,202310,D25
I2302151,L7,2023,202310,D25
I2301046,L7,2023,202310,D25
I2301200,L6,2023,202310,D25
I2300938,L7,2023,202310,D02
I2300189,L7,2023,202310,D02
I2300264,L7,2023,202310,D02
I2302383,L7,2023,202310,D02
I2301805,L7,2023,202310,D02
I2301688,L5,2023,202310,D02
I2302184,L4,2023,202310,D02
I2300914,L7,2023,202310,D02
I2301393,L7,2023,202310,D02
I2301637,L5,2023,202310,D02
I2302705,L7,2023,202310,D02
I2301452,L5,2023,202310,D02
I2302700,L7,2023,202310,D02
I2301316,L7,2023,202310,D02
I2301129,L7,2023,202310,D02
I2300830,L5,2023,202310,D02
I2302578,L6,2023,202310,D02
I2300405,L4,2023,202310,D02
I2301948,L5,2023,202310,D02
I2302337,L4,2023,202310,D02
I2302363,L7,2023,202310,D02
I2301700,L5,2023,202310,D02
I2300702,L7,2023,202310,D02
I2300890,L7,2023,202310,D01
I2300304,L6,2023,202310,D01
I2302190,L7,2023,202310,D01
I2301094,L6,2023,202310,D01
I2302243,L6,2023,202310,D01
I2300168,L5,2023,202310,D01
I2302509,L6,2023,202310,D01
I2301926,L5,2023,202310,D01
I2301064,L7,2023,202310,D01
I2300868,L6,2023,202310,D01
I2300601,L4,2023,202310,D01
I2301462,L6,2023,202310,D01
I2300526,L5,2023,202310,D01
I2301161,L6,2023,202310,D01
I2302335,L7,2023,202310,D01
I2302341,L5,2023,202310,D01
I2302297,L6,2023,202310,D01
I2300247,L7,2023,202310,D01
I2300318,L6,2023,202310,D01
I2300085,L7,2023,202310,D01
I2302462,L7,2023,202310,D01
I2300714,L6,2023,202310,D01
I2301429,L6,2023,202310,D01
I2301966,L6,2023,202310,D01
I2301799,L6,2023,202310,D01
I2301228,L5,2023,202310,D01
I2302408,L6,2023,202310,D01
I2300595,L6,2023,202310,D01
I2300439,L6,2023,202310,D01
I2300473,L5,2023,202310,D01
I2300194,L7,2023,202310,D01
I2301515,L7,2023,202310,D01
I2301381,L6,2023,202310,D01
I2300341,L7,2023,202310,D27
I2302235,L5,2023,202310,D27
I2301593,L7,2023,202310,D27
I2300816,L6,2023,202310,D27
I2300188,L7,2023,202310,D27
I2300955,L7,2023,202310,D27
I2301086,L7,2023,202310,D27
I2302373,L5,2023,202310,D27
I2301601,L6,2023,202310,D27
I2302037,L7,2023,202310,D27
I2300476,L5,2023,202310,D27
I2300061,L7,2023,202310,D27
I2300593,L7,2023,202310,D27
I2300553,L7,2023,202310,D27
I2302137,L7,2023,202310,D27
I2301458,L6,2023,202310,D27
I2300851,L6,2023,202310,D27
I2300900,L7,2023,202310,D27
I2302457,L7,2023,202310,D27
I2301524,L6,2023,202310,D27
I2300020,L7,2023,202310,D27
I2301237,L7,2023,202310,D27
I2301653,L7,2023,202310,D27
I2300936,L7,2023,202310,D27
I2301890,L7,2023,202310,D27
I2302196,L7,2023,202310,D27
I2300587,L7,2023,202310,D27
I2302085,L7,2023,202310,D27
I2300330,L5,2023,202310,D27
I2302595,L6,2023,202310,D27
I2302046,L6,2023,202310,D27
I2300231,L5,2023,202310,D27
I2302695,L6,2023,202310,D27
I2301257,L6,2023,202320,D27
I2302500,L7,2023,202310,D27
I2300343,L7,2023,202310,D27
I2300568,L7,2023,202310,D27
I2301106,L7,2023,202310,D16
I2300510,L5,2023,202310,D16
I2302060,L6,2023,202310,D16
I2302049,L7,2023,202310,D16
I2302616,L4,2023,202310,D16
I2302186,L4,2023,202310,D16
I2302377,L7,2023,202310,D16
I2301445,L5,2023,202310,D16
I2302104,L5,2023,202310,D16
I2301863,L5,2023,202310,D16
I2302677,L7,2023,202310,D16
I2301862,L7,2023,202310,D16
I2301983,L7,2023,202310,D16
I2300798,L7,2023,202310,D16
I2302689,L7,2023,202310,D16
I2302171,L7,2023,202310,D16
I2301662,L7,2023,202310,D16
I2300270,L7,2023,202310,D16
I2300230,L7,2023,202310,D16
I2302716,L7,2023,202310,D16
I2300295,L7,2023,202310,D16
I2300321,L7,2023,202310,D16
I2301771,L7,2023,202310,D16
I2300015,L7,2023,202310,D16
I2302379,L7,2023,202310,D16
I2300214,L7,2023,202310,D16
I2300776,L7,2023,202310,D16
I2300037,L7,2023,202310,D16
I2302452,L7,2023,202310,D16
I2301274,L7,2023,202310,D16
I2302489,L7,2023,202310,D16
I2300016,L7,2023,202330,D16
I2302162,L7,2023,202310,D16
I2301946,L7,2023,202310,D16
I2300877,L7,2023,202310,D16
I2302603,L7,2023,202310,D18
I2301510,L7,2023,202310,D18
I2300841,L7,2023,202310,D18
I2301782,L7,2023,202310,D18
I2300657,L7,2023,202310,D18
I2301695,L7,2023,202310,D18
I2300448,L7,2023,202310,D18
I2302694,L7,2023,202310,D18
I2300653,L7,2023,202310,D18
I2300767,L7,2023,202310,D20
I2302718,L7,2023,202310,D20
I2302229,L7,2023,202310,D20
I2301490,L7,2023,202310,D20
I2301163,L7,2023,202310,D20
I2300635,L7,2023,202310,D20
I2300243,L7,2023,202310,D20
I2301105,L7,2023,202310,D20
I2300954,L7,2023,202310,D20
I2302667,L7,2023,202310,D20
I2302400,L7,2023,202310,D20
I2300127,L7,2023,202310,D20
I2301747,L7,2023,202310,D20
I2300284,L7,2023,202310,D20
I2301649,L7,2023,202310,D20
I2301535,L7,2023,202310,D22
I2300313,L7,2023,202310,D13
I2301335,L7,2023,202310,D13
I2301090,L7,2023,202310,D06
I2301738,L7,2023,202310,D17
I2301479,L7,2023,202310,D17
I2300452,L7,2023,202310,D22
I2302676,L7,2023,202310,D22
I2300143,L7,2023,202310,D22
I2300717,L7,2023,202310,D22
I2301760,L7,2023,202310,D22
I2302674,L7,2023,202310,D22
I2300074,L7,2023,202310,D22
I2300785,L7,2023,202310,D22
I2300486,L7,2023,202310,D22
I2301412,L7,2023,202310,D22
I2302397,L7,2023,202310,D22
I2301202,L7,2023,202310,D22
I2302084,L7,2023,202310,D22
I2302199,L7,2023,202340,D22
I2300128,L7,2023,202310,D22
I2301979,L7,2023,202310,D22
I2300641,L7,2023,202310,D22
I2301263,L7,2023,202310,D22
I2300183,L7,2023,202310,D22
I2302008,L7,2023,202310,D22
I2300389,L6,2023,202310,D04
I2300570,L5,2023,202310,D04
I2301423,L7,2023,202310,D11
I2301565,L7,2023,202310,D11
I2301947,L7,2023,202310,D11
I2300899,L7,2023,202310,D13
I2302678,L7,2023,202310,D13
I2301646,L7,2023,202310,D13
I2301024,L7,2023,202310,D13
I2300449,L7,2023,202310,D13
I2302266,L7,2023,202310,D01
I2302594,L7,2023,202310,D01
I2300007,L7,2023,202310,D01
I2301888,L7,2023,202310,D01
I2301556,L7,2023,202310,D02
I2301015,L7,2023,202310,D02
I2301600,L7,2023,202310,D02
I2300555,L7,2023,202310,D02
I2300735,L7,2023,202310,D02
I2301358,L6,2023,202310,D02
I2301097,L7,2023,202310,D02
I2302117,L7,2023,202310,D02
I2300694,L7,2023,202310,D17
I2302423,L7,2023,202310,D17
I2302612,L7,2023,202320,D17
I2302600,L7,2023,202310,D17
I2301527,L7,2023,202310,D17
I2300550,L6,2023,202310,D24
I2300982,L7,2023,202310,D21
I2300503,L7,2023,202310,D21
I2300891,L7,2023,202310,D21
I2300684,L7,2023,202310,D21
I2301808,L7,2023,202310,D21
I2300512,L7,2023,202310,D21
I2300100,L7,2023,202310,D21
I2300438,L6,2023,202310,D23
I2302291,L7,2023,202310,D23
I2302653,L7,2023,202310,D23
I2301985,L7,2023,202310,D23
I2300670,L5,2023,202310,D23
I2302394,L7,2023,202310,D23
I2302101,L5,2023,202310,D23
I2302131,L7,2023,202310,D23
I2302534,L6,2023,202310,D23
I2302305,L6,2023,202310,D23
I2301540,L6,2023,202310,D14
I2301142,L7,2023,202310,D14
I2301522,L7,2023,202310,D14
I2300700,L7,2023,202310,D14
I2300483,L5,2023,202310,D14
I2302636,L7,2023,202310,D14
I2302679,L4,2023,202310,D14
I2302145,L5,2023,202310,D14
I2300375,L5,2023,202310,D14
I2301464,L6,2023,202310,D14
I2301835,L7,2023,202310,D14
I2301215,L7,2023,202310,D14
I2302378,L5,2023,202310,D14
I2301526,L4,2023,202310,D14
I2302227,L6,2023,202310,D14
I2301034,L7,2023,202310,D15
I2302385,L5,2023,202310,D15
I2302041,L4,2023,202310,D15
I2300606,L6,2023,202310,D15
I2302467,L5,2023,202310,D15
I2300041,L5,2023,202310,D15
I2302027,L4,2023,202310,D15
I2302448,L5,2023,202310,D15
I2300574,L4,2023,202310,D15
I2300372,L6,2023,202310,D15
I2302529,L5,2023,202310,D15
I2302286,L7,2023,202310,D15
I2300391,L5,2023,202310,D15
I2301108,L5,2023,202310,D15
I2301208,L6,2023,202310,D15
I2300600,L7,2023,202310,D15
I2300119,L5,2023,202310,D15
I2301636,L4,2023,202310,D15
I2300026,L7,2023,202310,D15
I2301518,L5,2023,202310,D15
I2301060,L6,2023,202310,D15
I2300261,L7,2023,202310,D15
I2300676,L7,2023,202310,D15
I2302535,L7,2023,202310,D15
I2301289,L6,2023,202310,D26
I2302028,L7,2023,202310,D26
I2302556,L7,2023,202310,D26
I2300006,L7,2023,202310,D26
I2302339,L6,2023,202310,D26
I2300603,L7,2023,202310,D26
I2301216,L4,2023,202310,D26
I2300087,L7,2023,202310,D26
I2301500,L7,2023,202310,D26
I2302528,L7,2023,202310,D26
I2302389,L7,2023,202310,D26
I2302511,L6,2023,202310,D26
I2301999,L7,2023,202310,D26
I2301085,L7,2023,202310,D26
I2302075,L7,2023,202310,D26
I2302153,L7,2023,202310,D26
I2302515,L7,2023,202310,D26
I2300957,L7,2023,202310,D26
I2301286,L6,2023,202310,D26
I2301402,L7,2023,202310,D26
I2301193,L7,2023,202310,D26
I2301011,L7,2023,202310,D26
I2300811,L7,2023,202310,D26
I2300211,L7,2023,202310,D26
I2301451,L6,2023,202310,D26
I2300666,L7,2023,202310,D26
I2301189,L7,2023,202310,D26
I2302542,L7,2023,202310,D26
I2300860,L7,2023,202310,D26
I2300220,L7,2023,202310,D26
I2302125,L7,2023,202310,D26
I2300003,L7,2023,202310,D26
I2301855,L7,2023,202310,D26
I2302126,L7,2023,202310,D26
I2300869,L7,2023,202310,D26
I2300826,L7,2023,202310,D26
I2300184,L7,2023,202310,D26
I2302133,L7,2023,202310,D26
I2300058,L7,2023,202310,D26
I2301446,L7,2023,202310,D26
I2301244,L6,2023,202310,D26
I2301506,L7,2023,202310,D26
I2300176,L7,2023,202310,D26
I2301355,L7,2023,202310,D26
I2300415,L7,2023,202310,D26
I2302614,L6,2023,202310,D26
I2300361,L7,2023,202310,D26
I2300786,L7,2023,202310,D26
I2300112,L7,2023,202310,D26
I2301876,L7,2023,202310,D26
I2302285,L6,2023,202310,D26
I2301784,L7,2023,202310,D26
I2302210,L7,2023,202310,D26
I2301598,L7,2023,202310,D26
I2302550,L7,2023,202310,D26
I2300873,L7,2023,202310,D26
I2300795,L7,2023,202310,D26
I2302077,L7,2023,202310,D26
I2302298,L7,2023,202310,D26
I2302257,L7,2023,202310,D26
I2300110,L7,2023,202310,D26
I2301989,L4,2023,202310,D26
I2301292,L7,2023,202310,D26
I2301408,L7,2023,202310,D26
I2301149,L7,2023,202310,D26
I2300576,L7,2023,202330,D26
I2301220,L7,2023,202310,D26
I2300563,L7,2023,202310,D26
I2302465,L6,2023,202310,D26
I2300839,L7,2023,202310,D26
I2301751,L7,2023,202310,D26
I2301915,L7,2023,202310,D26
I2300242,L7,2023,202310,D26
I2301205,L6,2023,202310,D26
I2302105,L7,2023,202310,D26
I2301493,L7,2023,202310,D26
I2300293,L7,2023,202310,D26
I2302292,L7,2023,202310,D26
I2302560,L7,2023,202310,D26
I2300756,L7,2023,202310,D26
I2302232,L7,2023,202310,D26
I2301922,L7,2023,202310,D26
I2301804,L7,2023,202310,D26
I2301756,L7,2023,202310,D26
I2300644,L7,2023,202310,D26
I2300515,L7,2023,202310,D26
I2302736,L7,2023,202310,D26
I2302432,L7,2023,202310,D26
I2300164,L7,2023,202310,D26
I2301239,L7,2023,202310,D26
I2301345,L7,2023,202310,D26
I2300929,L4,2023,202310,D26
I2300169,L7,2023,202310,D26
I2300062,L7,2023,202310,D26
I2300129,L6,2023,202310,D26
I2301389,L7,2023,202310,D26
I2302152,L7,2023,202310,D26
I2300337,L7,2023,202310,D26
I2300656,L6,2023,202310,D26
I2301953,L6,2023,202320,D26
I2301883,L7,2023,202310,D26
I2302269,L7,2023,202310,D26
I2301777,L7,2023,202310,D26
I2301066,L7,2023,202310,D26
I2301329,L7,2023,202310,D26
I2302553,L7,2023,202310,D12
I2301475,L5,2023,202310,D24
I2300248,L5,2023,202310,D24
I2301253,L4,2023,202310,D24
I2300511,L6,2023,202310,D24
I2300347,L5,2023,202310,D24
I2300497,L6,2023,202310,D24
I2300673,L6,2023,202310,D24
I2301545,L7,2023,202310,D24
I2300236,L5,2023,202310,D24
I2301000,L6,2023,202310,D24
I2300721,L5,2023,202310,D24
I2300978,L4,2023,202310,D24
I2302352,L5,2023,202310,D24
I2300608,L5,2023,202310,D24
I2301722,L6,2023,202310,D04
I2300464,L6,2023,202310,D04
I2301325,L6,2023,202310,D04
I2300208,L4,2023,202310,D04
I2301942,L5,2023,202320,D04
I2300308,L4,2023,202310,D04
I2300303,L6,2023,202310,D04
I2300722,L4,2023,202310,D04
I2302094,L6,2023,202310,D04
I2300010,L6,2023,202310,D04
I2301945,L6,2023,202310,D04
I2302193,L6,2023,202310,D04
I2300433,L6,2023,202310,D04
I2302120,L6,2023,202310,D04
I2301970,L5,2023,202310,D04
I2300628,L7,2023,202310,D04
I2300362,L6,2023,202310,D04
I2302175,L6,2023,202310,D04
I2300850,L5,2023,202310,D04
I2300384,L6,2023,202310,D04
I2301115,L5,2023,202310,D04
I2301785,L6,2023,202310,D04
I2302381,L4,2023,202310,D04
I2300923,L5,2023,202310,D04
I2300853,L6,2023,202310,D04
I2300533,L6,2023,202310,D04
I2300888,L6,2023,202310,D04
I2301904,L5,2023,202310,D04
I2300858,L5,2023,202310,D04
I2300165,L6,2023,202310,D04
I2300157,L6,2023,202310,D04
I2300147,L5,2023,202310,D04
I2300329,L5,2023,202310,D04
I2301680,L5,2023,202310,D04
I2300594,L7,2023,202310,D13
I2300135,L7,2023,202310,D13
I2300063,L4,2023,202310,D10
I2301131,L4,2023,202310,D21
I2300348,L4,2023,202310,D03
I2302219,L4,2023,202310,D01
I2300324,L4,2023,202310,D16
I2302045,L4,2023,202310,D14
I2300218,L4,2023,202310,D15
I2302295,L4,2023,202310,D24
I2300120,L4,2023,202310,D04
I2300472,L6,2023,202310,D21
I2301587,L6,2023,202310,D19
I2300647,L6,2023,202310,D18
I2301351,L6,2023,202310,D20
I2300250,L6,2023,202320,D20
I2300376,L6,2023,202320,D22
I2302702,L6,2023,202310,D17
I2301416,L6,2023,202320,D17
I2301632,L6,2023,202310,D14
I2300554,L6,2023,202310,D24
I2301952,L6,2023,202310,D04
I2302686,L7,2023,202310,D10
I2302634,L7,2023,202310,D21
I2302494,L7,2023,202310,D03
I2302102,L7,2023,202310,D27
I2300027,L7,2023,202310,D18
I2301657,L7,2023,202310,D22
I2301905,L7,2023,202310,D14
I2300043,L7,2023,202310,D15
I2300291,L7,2023,202310,D10
I2300121,L7,2023,202310,D21
I2301692,L7,2023,202310,D03
I2300842,L7,2023,202310,D19
I2300665,L7,2023,202310,D02
I2300580,L7,2023,202310,D27
I2302234,L7,2023,202310,D18
I2302052,L7,2023,202310,D22
I2302564,L7,2023,202310,D11
I2300531,L7,2023,202310,D17
I2300469,L4,2023,202310,D10
I2301931,L4,2023,202310,D09
I2300432,L4,2023,202310,D21
I2302738,L4,2023,202310,D03
I2301312,L4,2023,202310,D19
I2301141,L4,2023,202310,D02
I2302638,L4,2023,202310,D01
I2302670,L4,2023,202310,D27
I2301099,L4,2023,202310,D16
I2300104,L4,2023,202310,D23
I2300633,L4,2023,202310,D26
I2302032,L4,2023,202310,D24
I2301183,L4,2023,202310,D04
I2302440,L7,2023,202310,D10
I2301560,L7,2023,202310,D21
I2301773,L7,2023,202310,D03
I2301233,L7,2023,202310,D01
I2300614,L7,2023,202310,D27
I2301156,L7,2023,202310,D18
I2301306,L7,2023,202310,D22
I2300770,L7,2023,202310,D15
I2300345,L4,2023,202310,D12
I2300518,L4,2023,202310,D10
I2301563,L4,2023,202310,D21
I2302359,L4,2023,202310,D03
I2301654,L4,2023,202310,D19
I2301259,L4,2023,202310,D02
I2300428,L4,2023,202310,D01
I2300198,L4,2023,202310,D27
I2300637,L4,2023,202310,D04
I2301485,L4,2023,202310,D23
I2301714,L4,2023,202310,D14
I2300466,L4,2023,202310,D15
I2302150,L4,2023,202310,D26
I2300373,L4,2023,202310,D24
I2301187,L7,2023,202310,D21
I2300783,L7,2023,202310,D25
I2302413,L7,2023,202310,D02
I2302250,L7,2023,202310,D01
I2301300,L7,2023,202310,D27
I2302735,L7,2023,202310,D22
I2302332,L7,2023,202310,D11
I2300837,L7,2023,202310,D17
I2300370,L7,2023,202320,D17
I2302472,L7,2023,202310,D23
I2302482,L4,2023,202310,D10
I2302717,L4,2023,202310,D09
I2302393,L4,2023,202310,D21
I2302428,L4,2023,202310,D03
I2301681,L4,2023,202310,D19
I2300316,L4,2023,202310,D02
I2300145,L4,2023,202310,D27
I2300403,L4,2023,202310,D16
I2301639,L4,2023,202310,D23
I2301359,L4,2023,202310,D14
I2302583,L4,2023,202310,D15
I2300995,L4,2023,202310,D26
I2302336,L4,2023,202310,D24
I2300367,L4,2023,202310,D04
I2301813,L7,2023,202310,D12
I2301305,L7,2023,202320,D12
I2300613,L7,2023,202310,D10
I2300181,L7,2023,202310,D03
I2301376,L7,2023,202310,D01
I2300514,L7,2023,202310,D27
I2300435,L7,2023,202310,D18
I2300200,L7,2023,202310,D20
I2300987,L7,2023,202310,D24
I2301759,L7,2023,202310,D22
I2300827,L7,2023,202310,D24
I2302048,L7,2023,202310,D14
I2301363,L7,2023,202310,D10
I2301938,L7,2023,202310,D21
I2302169,L7,2023,202310,D03
I2301460,L7,2023,202310,D19
I2300072,L7,2023,202310,D25
I2301364,L7,2023,202310,D27
I2300197,L6,2023,202320,D04
I2302627,L7,2023,202310,D18
I2301517,L7,2023,202310,D06
I2302703,L7,2023,202310,D22
I2301994,L7,2023,202310,D23
I2300969,L5,2023,202310,D12
I2300710,L5,2023,202310,D09
I2302342,L6,2023,202320,D09
I2302034,L5,2023,202310,D21
I2300769,L5,2023,202310,D03
I2300442,L7,2023,202320,D26
I2302557,L5,2023,202310,D02
I2300976,L7,2023,202330,D26
I2300789,L5,2023,202310,D27
I2300674,L7,2023,202330,D26
I2301779,L5,2023,202310,D23
I2301012,L7,2023,202330,D26
I2301830,L5,2023,202310,D14
I2302589,L7,2023,202330,D26
I2302029,L5,2023,202310,D24
I2302357,L5,2023,202310,D04
I2302629,L7,2023,202310,D12
I2301397,L7,2023,202310,D10
I2302587,L7,2023,202310,D21
I2300196,L7,2023,202310,D19
I2300322,L7,2023,202310,D02
I2302660,L7,2023,202310,D01
I2301834,L7,2023,202310,D18
I2302426,L7,2023,202310,D13
I2300038,L7,2023,202310,D22
I2302119,L7,2023,202310,D23
I2302443,L7,2023,202310,D10
I2301302,L7,2023,202310,D21
I2301194,L7,2023,202310,D03
I2301713,L7,2023,202310,D19
I2300697,L7,2023,202310,D25
I2302019,L7,2023,202310,D02
I2302333,L7,2023,202310,D27
I2302360,L7,2023,202310,D18
I2300602,L7,2023,202310,D20
I2300146,L7,2023,202310,D13
I2301180,L7,2023,202310,D17
I2300108,L7,2023,202310,D22
I2301993,L7,2023,202310,D08
I2302458,L7,2023,202310,D23
I2302282,L7,2023,202310,D26
I2302621,L4,2023,202310,D10
I2300212,L4,2023,202310,D09
I2300060,L4,2023,202310,D21
I2300463,L4,2023,202310,D03
I2300283,L4,2023,202310,D02
I2300459,L4,2023,202310,D16
I2300202,L4,2023,202310,D23
I2301772,L4,2023,202310,D14
I2301631,L4,2023,202310,D15
I2300417,L4,2023,202310,D26
I2300374,L4,2023,202310,D24
I2301608,L4,2023,202310,D04
I2302430,L7,2023,202320,D12
I2302659,L7,2023,202320,D26
I2302138,L7,2023,202320,D15
I2302510,L7,2023,202320,D25
I2300766,L7,2023,202320,D20
I2301901,L7,2023,202320,D15
I2301884,L7,2023,202320,D25
I2302382,L7,2023,202320,D27
I2302124,L7,2023,202320,D18
I2301959,L7,2023,202320,D11
I2300917,L7,2023,202320,D26
I2302559,L7,2023,202320,D26
I2301084,L7,2023,202320,D26
I2300150,L7,2023,202320,D26
I2300279,L7,2023,202320,D26
I2301068,L7,2023,202320,D26
I2301698,L7,2023,202320,D26
I2300922,L7,2023,202320,D26
I2301074,L7,2023,202320,D26
I2301669,L4,2023,202320,D01
I2302191,L7,2023,202320,D26
I2302033,L7,2023,202320,D26
I2302309,L7,2023,202320,D12
I2300988,L7,2023,202320,D26
I2300909,L7,2023,202320,D26
I2301260,L7,2023,202320,D26
I2301965,L7,2023,202320,D26
I2302545,L7,2023,202320,D12
I2301548,L7,2023,202320,D26
I2302721,L7,2023,202320,D26
I2301065,L7,2023,202320,D26
I2300689,L7,2023,202320,D26
I2301909,L7,2023,202320,D26
I2302249,L7,2023,202320,D26
I2300930,L7,2023,202320,D26
I2300582,L7,2023,202320,D26
I2302044,L7,2023,202320,D26
I2302136,L7,2023,202320,D26
I2302672,L7,2023,202320,D26
I2300558,L7,2023,202320,D26
I2300101,L7,2023,202320,D26
I2300427,L7,2023,202320,D26
I2300487,L7,2023,202320,D26
I2300436,L7,2023,202330,D26
I2302486,L7,2023,202320,D26
I2301928,L7,2023,202330,D26
I2300746,L7,2023,202320,D26
I2301006,L7,2023,202320,D26
I2300401,L7,2023,202320,D26
I2302380,L7,2023,202320,D26
I2300004,L7,2023,202320,D26
I2301258,L7,2023,202320,D26
I2300278,L7,2023,202320,D26
I2301712,L7,2023,202320,D26
I2301303,L7,2023,202320,D26
I2300905,L7,2023,202320,D26
I2302523,L7,2023,202320,D26
I2302325,L7,2023,202320,D09
I2302418,L7,2023,202320,D21
I2301295,L7,2023,202320,D26
I2302625,L7,2023,202320,D26
I2302215,L6,2023,202320,D26
I2302058,L7,2023,202320,D26
I2300960,L7,2023,202320,D26
I2300539,L7,2023,202320,D26
I2301449,L7,2023,202330,D26
I2300410,L7,2023,202320,D26
I2302195,L7,2023,202330,D26
I2302228,L7,2023,202320,D26
I2302303,L7,2023,202310,D24
I2300973,L7,2023,202310,D24
I2300479,L7,2023,202320,D26
I2302495,L7,2023,202320,D24
I2300552,L7,2023,202320,D26
I2301825,L7,2023,202330,D24
I2302567,L7,2023,202320,D26
I2302384,L7,2023,202320,D24
I2300981,L7,2023,202310,D24
I2300193,L7,2023,202320,D26
I2302355,L7,2023,202320,D03
I2300939,L7,2023,202320,D26
I2302671,L7,2023,202320,D26
I2300624,L7,2023,202320,D26
I2302455,L7,2023,202320,D26
I2302072,L7,2023,202320,D26
I2302405,L7,2023,202320,D26
I2302663,L7,2023,202320,D26
I2300652,L7,2023,202320,D26
I2301430,L7,2023,202320,D26
I2301171,L7,2023,202320,D26
I2300636,L7,2023,202330,D26
I2300402,L6,2023,202320,D26
I2300804,L7,2023,202320,D26
I2302699,L7,2023,202320,D26
I2300896,L7,2023,202320,D26
I2301415,L4,2023,202320,D12
I2301781,L4,2023,202320,D24
I2301730,L5,2023,202320,D12
I2302530,L4,2023,202320,D24
I2301891,L5,2023,202320,D12
I2302031,L4,2023,202330,D24
I2300379,L4,2023,202320,D12
I2301471,L4,2023,202320,D24
I2302299,L7,2023,202320,D12
I2301048,L4,2023,202320,D24
I2300947,L5,2023,202320,D12
I2300465,L4,2023,202320,D24
I2301880,L5,2023,202320,D12
I2302067,L6,2023,202320,D12
I2302558,L7,2023,202320,D12
I2300397,L5,2023,202320,D24
I2300755,L4,2023,202320,D12
I2300671,L5,2023,202320,D24
I2300546,L5,2023,202320,D12
I2300078,L5,2023,202320,D24
I2300927,L7,2023,202320,D12
I2301182,L5,2023,202320,D24
I2301656,L6,2023,202320,D12
I2301499,L7,2023,202320,D12
I2300064,L5,2023,202320,D24
I2301368,L7,2023,202320,D12
I2301128,L7,2023,202320,D12
I2301940,L5,2023,202320,D24
I2300537,L7,2023,202320,D12
I2301551,L7,2023,202320,D12
I2301226,L6,2023,202330,D24
I2301315,L7,2023,202320,D12
I2300408,L6,2023,202320,D24
I2301842,L7,2023,202320,D12
I2300434,L6,2023,202320,D24
I2300167,L7,2023,202320,D12
I2300958,L6,2023,202320,D24
I2300411,L7,2023,202320,D12
I2300894,L6,2023,202320,D24
I2300296,L7,2023,202320,D12
I2301016,L7,2023,202320,D12
I2301699,L7,2023,202320,D12
I2301895,L7,2023,202320,D12
I2300498,L7,2023,202320,D12
I2301150,L7,2023,202320,D12
I2300753,L7,2023,202320,D12
I2302622,L6,2023,202320,D12
I2300353,L7,2023,202320,D26
I2301977,L7,2023,202320,D26
I2301002,L7,2023,202320,D26
I2302180,L7,2023,202320,D26
I2300023,L7,2023,202320,D26
I2300549,L7,2023,202320,D26
I2302092,L4,2023,202320,D27
I2302087,L7,2023,202320,D26
I2300643,L7,2023,202320,D26
I2301218,L7,2023,202320,D26
I2302577,L7,2023,202320,D26
I2300660,L7,2023,202320,D26
I2300654,L4,2023,202320,D14
I2300562,L4,2023,202330,D09
I2300878,L6,2023,202320,D24
I2300733,L7,2023,202330,D26
I2300226,L7,2023,202320,D24
I2301497,L7,2023,202330,D12
I2300225,L7,2023,202330,D12
I2300166,L6,2023,202320,D24
I2302664,L7,2023,202330,D12
I2302648,L7,2023,202320,D24
I2302290,L7,2023,202320,D24
I2301746,L6,2023,202320,D24
I2300317,L6,2023,202320,D24
I2302585,L7,2023,202320,D24
I2300543,L4,2023,202320,D16
I2301336,L7,2023,202320,D10
I2300412,L7,2023,202320,D10
I2302197,L7,2023,202320,D10
I2302690,L7,2023,202320,D10
I2301618,L7,2023,202320,D10
I2302611,L7,2023,202320,D10
I2300356,L7,2023,202320,D10
I2302371,L7,2023,202320,D10
I2301143,L7,2023,202320,D10
I2302132,L7,2023,202320,D10
I2300632,L7,2023,202320,D10
I2301816,L7,2023,202320,D10
I2301398,L7,2023,202320,D10
I2302276,L7,2023,202330,D25
I2302063,L7,2023,202320,D10
I2300011,L7,2023,202320,D25
I2301248,L7,2023,202320,D10
I2301780,L7,2023,202320,D10
I2302551,L7,2023,202320,D25
I2300836,L7,2023,202320,D10
I2302406,L7,2023,202320,D25
I2300382,L7,2023,202320,D10
I2301390,L7,2023,202320,D25
I2301991,L7,2023,202320,D10
I2301561,L7,2023,202320,D25
I2301694,L7,2023,202320,D10
I2301330,L7,2023,202320,D10
I2300288,L7,2023,202320,D25
I2302512,L7,2023,202320,D10
I2301697,L7,2023,202320,D25
I2302514,L7,2023,202320,D10
I2301892,L7,2023,202320,D25
I2302658,L7,2023,202320,D10
I2301431,L7,2023,202320,D25
I2302230,L7,2023,202320,D10
I2300808,L7,2023,202320,D25
I2300050,L7,2023,202320,D10
I2300334,L7,2023,202320,D25
I2302370,L7,2023,202320,D10
I2301172,L7,2023,202320,D25
I2301643,L7,2023,202320,D10
I2302323,L7,2023,202320,D25
I2300031,L7,2023,202320,D10
I2301866,L7,2023,202320,D25
I2300508,L7,2023,202320,D10
I2302187,L7,2023,202320,D25
I2301670,L7,2023,202320,D25
I2300151,L7,2023,202320,D10
I2302623,L7,2023,202320,D25
I2301767,L7,2023,202320,D10
I2302409,L7,2023,202320,D25
I2301354,L5,2023,202320,D10
I2300107,L7,2023,202320,D25
I2300244,L7,2023,202320,D10
I2300815,L7,2023,202320,D10
I2300174,L7,2023,202320,D10
I2301070,L6,2023,202320,D10
I2300734,L7,2023,202320,D10
I2300206,L7,2023,202320,D10
I2301203,L7,2023,202320,D10
I2301720,L7,2023,202320,D10
I2300274,L7,2023,202320,D10
I2301388,L7,2023,202320,D10
I2302061,L6,2023,202320,D10
I2301609,L7,2023,202320,D10
I2300859,L7,2023,202320,D10
I2301047,L6,2023,202320,D10
I2301036,L7,2023,202320,D10
I2301617,L7,2023,202320,D10
I2300911,L6,2023,202320,D10
I2301369,L7,2023,202320,D10
I2300639,L7,2023,202320,D10
I2300592,L7,2023,202320,D10
I2300861,L7,2023,202320,D10
I2301555,L7,2023,202320,D10
I2300591,L7,2023,202320,D10
I2301382,L7,2023,202320,D09
I2300227,L7,2023,202320,D09
I2302697,L7,2023,202320,D09
I2300093,L7,2023,202320,D09
I2302480,L7,2023,202320,D09
I2301951,L6,2023,202320,D09
I2302684,L7,2023,202320,D09
I2301611,L7,2023,202320,D09
I2300831,L7,2023,202320,D09
I2300620,L6,2023,202320,D09
I2301981,L5,2023,202320,D09
I2301578,L7,2023,202320,D09
I2301095,L7,2023,202320,D09
I2301980,L6,2023,202320,D09
I2300806,L7,2023,202320,D09
I2302490,L6,2023,202320,D09
I2302640,L6,2023,202320,D09
I2301082,L5,2023,202320,D09
I2301924,L7,2023,202320,D09
I2301162,L7,2023,202320,D09
I2302147,L7,2023,202320,D09
I2300559,L5,2023,202320,D09
I2300688,L7,2023,202320,D09
I2302188,L5,2023,202320,D09
I2301059,L7,2023,202320,D09
I2301613,L4,2023,202320,D02
I2302369,L7,2023,202320,D09
I2302549,L4,2023,202320,D02
I2302178,L4,2023,202320,D02
I2300387,L7,2023,202320,D09
I2301950,L7,2023,202320,D09
I2300655,L7,2023,202320,D09
I2301190,L7,2023,202320,D09
I2301603,L7,2023,202320,D09
I2302244,L7,2023,202320,D09
I2300799,L7,2023,202320,D09
I2301147,L6,2023,202320,D21
I2300076,L6,2023,202320,D21
I2300215,L6,2023,202320,D21
I2300849,L7,2023,202320,D21
I2302353,L7,2023,202320,D17
I2300926,L6,2023,202320,D21
I2300802,L6,2023,202320,D21
I2301234,L7,2023,202320,D17
I2301045,L4,2023,202320,D21
I2301185,L5,2023,202320,D21
I2300173,L7,2023,202320,D21
I2300492,L7,2023,202320,D17
I2300207,L6,2023,202320,D21
I2301936,L7,2023,202320,D21
I2301920,L6,2023,202320,D21
I2302687,L7,2023,202320,D17
I2301721,L7,2023,202330,D17
I2301331,L5,2023,202320,D21
I2302320,L6,2023,202320,D21
I2301740,L4,2023,202320,D21
I2301581,L7,2023,202330,D26
I2300393,L5,2023,202320,D21
I2302248,L7,2023,202320,D21
I2302318,L6,2023,202320,D21
I2301261,L7,2023,202320,D21
I2300065,L7,2023,202320,D21
I2301538,L7,2023,202320,D21
I2302321,L7,2023,202320,D03
I2300461,L7,2023,202320,D03
I2300478,L7,2023,202320,D03
I2301624,L7,2023,202320,D03
I2300985,L7,2023,202320,D03
I2302460,L7,2023,202320,D03
I2302042,L7,2023,202320,D03
I2301811,L5,2023,202320,D19
I2302680,L4,2023,202320,D19
I2301628,L6,2023,202320,D19
I2300864,L4,2023,202320,D01
I2302552,L6,2023,202320,D19
I2300823,L6,2023,202320,D19
I2300153,L5,2023,202320,D19
I2302720,L4,2023,202320,D19
I2300972,L6,2023,202320,D19
I2302562,L6,2023,202320,D19
I2302588,L6,2023,202320,D19
I2302284,L5,2023,202320,D19
I2301520,L6,2023,202320,D19
I2302579,L6,2023,202320,D19
I2301349,L7,2023,202320,D19
I2300695,L6,2023,202320,D19
I2300781,L5,2023,202320,D19
I2300187,L6,2023,202320,D19
I2301326,L7,2023,202320,D24
I2302570,L5,2023,202320,D14
I2301566,L4,2023,202320,D15
I2301716,L6,2023,202320,D14
I2300209,L5,2023,202320,D14
I2301098,L5,2023,202320,D14
I2302238,L5,2023,202320,D14
I2302098,L7,2023,202320,D14
I2300364,L5,2023,202320,D14
I2300782,L7,2023,202320,D14
I2302673,L4,2023,202320,D14
I2301262,L6,2023,202320,D14
I2302666,L7,2023,202320,D14
I2301256,L7,2023,202310,D15
I2301030,L4,2023,202320,D14
I2301232,L7,2023,202320,D15
I2301121,L7,2023,202320,D23
I2302456,L7,2023,202320,D15
I2301179,L7,2023,202320,D23
I2300615,L7,2023,202320,D15
I2300946,L6,2023,202320,D23
I2301717,L7,2023,202320,D15
I2300081,L7,2023,202320,D23
I2302531,L6,2023,202320,D23
I2300751,L7,2023,202310,D15
I2301482,L7,2023,202320,D23
I2302607,L7,2023,202310,D15
I2300933,L6,2023,202320,D12
I2300309,L7,2023,202310,D15
I2300133,L6,2023,202320,D12
I2302224,L7,2023,202310,D15
I2300523,L7,2023,202320,D15
I2301159,L7,2023,202310,D15
I2301647,L5,2023,202320,D15
I2300294,L7,2023,202320,D15
I2301590,L7,2023,202320,D15
I2301270,L7,2023,202320,D15
I2301346,L6,2023,202320,D15
I2301956,L7,2023,202320,D15
I2301881,L6,2023,202320,D15
I2300696,L7,2023,202320,D15
I2300599,L7,2023,202320,D15
I2300491,L5,2023,202320,D15
I2302006,L6,2023,202320,D15
I2302149,L7,2023,202320,D25
I2301225,L6,2023,202320,D26
I2302239,L7,2023,202320,D25
I2301852,L7,2023,202320,D25
I2302165,L5,2023,202320,D27
I2302619,L7,2023,202320,D25
I2300138,L5,2023,202320,D02
I2301800,L7,2023,202320,D02
I2302208,L7,2023,202320,D02
I2300846,L7,2023,202320,D02
I2300605,L7,2023,202320,D02
I2302713,L6,2023,202320,D02
I2300125,L5,2023,202320,D02
I2300507,L5,2023,202320,D02
I2300915,L7,2023,202330,D26
I2301790,L7,2023,202320,D02
I2300155,L7,2023,202320,D02
I2301848,L7,2023,202330,D26
I2300425,L6,2023,202320,D01
I2301117,L7,2023,202320,D01
I2300796,L7,2023,202320,D01
I2302003,L7,2023,202330,D26
I2301702,L7,2023,202320,D01
I2302655,L5,2023,202320,D01
I2300509,L4,2023,202320,D01
I2300360,L5,2023,202320,D01
I2302505,L6,2023,202320,D01
I2300506,L5,2023,202320,D01
I2302330,L5,2023,202320,D01
I2300310,L6,2023,202320,D01
I2301998,L7,2023,202320,D01
I2300642,L6,2023,202320,D01
I2302345,L7,2023,202320,D01
I2301067,L5,2023,202320,D01
I2302597,L5,2023,202320,D01
I2301484,L6,2023,202320,D01
I2302454,L7,2023,202320,D01
I2300931,L7,2023,202320,D01
I2300754,L5,2023,202320,D01
I2300961,L6,2023,202320,D01
I2301528,L7,2023,202320,D01
I2300677,L5,2023,202320,D01
I2301242,L6,2023,202320,D01
I2300522,L7,2023,202320,D01
I2301576,L4,2023,202320,D01
I2302708,L7,2023,202320,D01
I2302200,L6,2023,202320,D01
I2301701,L6,2023,202320,D01
I2302074,L6,2023,202320,D01
I2301352,L6,2023,202320,D01
I2300008,L7,2023,202320,D27
I2300913,L7,2023,202320,D27
I2300833,L5,2023,202330,D01
I2302316,L6,2023,202320,D27
I2300371,L6,2023,202320,D27
I2302376,L5,2023,202330,D01
I2300040,L7,2023,202320,D27
I2300524,L4,2023,202320,D27
I2300908,L7,2023,202320,D27
I2301666,L5,2023,202330,D01
I2301272,L7,2023,202320,D27
I2300441,L5,2023,202330,D01
I2300919,L7,2023,202320,D27
I2301919,L6,2023,202320,D27
I2301214,L7,2023,202320,D27
I2300134,L4,2023,202320,D27
I2301885,L6,2023,202320,D27
I2301148,L5,2023,202330,D01
I2302451,L7,2023,202320,D27
I2302156,L7,2023,202320,D27
I2302340,L7,2023,202320,D27
I2302160,L5,2023,202330,D01
I2300708,L7,2023,202320,D27
I2301278,L7,2023,202320,D27
I2301918,L5,2023,202330,D01
I2300575,L6,2023,202320,D27
I2300234,L5,2023,202330,D01
I2302122,L7,2023,202320,D27
I2301969,L7,2023,202320,D27
I2301822,L4,2023,202320,D27
I2301932,L6,2023,202320,D27
I2300991,L7,2023,202320,D27
I2300335,L7,2023,202320,D27
I2301765,L7,2023,202320,D27
I2301814,L7,2023,202320,D27
I2301615,L7,2023,202320,D27
I2301384,L7,2023,202320,D27
I2301913,L7,2023,202320,D27
I2301003,L7,2023,202320,D27
I2302365,L7,2023,202320,D27
I2300871,L5,2023,202320,D27
I2302307,L7,2023,202320,D27
I2300886,L7,2023,202320,D16
I2301284,L5,2023,202320,D16
I2301089,L5,2023,202320,D16
I2302225,L6,2023,202320,D07
I2301076,L7,2023,202320,D16
I2302669,L7,2023,202320,D16
I2302242,L7,2023,202320,D16
I2301313,L7,2023,202320,D16
I2300682,L7,2023,202320,D16
I2301463,L7,2023,202320,D16
I2302450,L5,2023,202320,D16
I2300338,L7,2023,202320,D16
I2300925,L5,2023,202320,D16
I2301796,L7,2023,202320,D16
I2300105,L7,2023,202320,D16
I2302646,L7,2023,202320,D16
I2302651,L5,2023,202320,D16
I2301467,L7,2023,202320,D16
I2302157,L7,2023,202320,D16
I2302113,L7,2023,202320,D16
I2300579,L7,2023,202320,D16
I2300233,L7,2023,202320,D16
I2300277,L7,2023,202320,D16
I2302372,L7,2023,202320,D16
I2300944,L7,2023,202320,D16
I2301943,L7,2023,202310,D15
I2300519,L7,2023,202310,D15
I2301703,L7,2023,202320,D16
I2300162,L7,2023,202320,D16
I2300034,L7,2023,202320,D16
I2300727,L7,2023,202320,D16
I2302020,L7,2023,202320,D16
I2301373,L5,2023,202330,D04
I2302620,L7,2023,202320,D16
I2301623,L6,2023,202320,D16
I2300528,L7,2023,202320,D16
I2300228,L7,2023,202320,D16
I2301374,L7,2023,202320,D16
I2301750,L7,2023,202320,D16
I2301507,L7,2023,202320,D16
I2301659,L7,2023,202320,D16
I2301212,L7,2023,202320,D16
I2301054,L7,2023,202320,D16
I2302446,L7,2023,202320,D16
I2302350,L7,2023,202320,D16
I2302576,L7,2023,202320,D18
I2300912,L7,2023,202320,D18
I2301622,L7,2023,202320,D18
I2301635,L7,2023,202330,D26
I2300788,L7,2023,202320,D18
I2300547,L7,2023,202320,D26
I2300252,L7,2023,202320,D18
I2300990,L7,2023,202330,D26
I2301723,L7,2023,202320,D18
I2301056,L7,2023,202320,D18
I2301810,L7,2023,202320,D18
I2301845,L7,2023,202320,D26
I2301321,L7,2023,202320,D18
I2301422,L7,2023,202320,D18
I2301021,L7,2023,202330,D26
I2301231,L7,2023,202320,D18
I2301240,L7,2023,202330,D26
I2300450,L7,2023,202320,D18
I2300902,L7,2023,202320,D18
I2302483,L7,2023,202320,D18
I2301933,L7,2023,202320,D18
I2300447,L7,2023,202320,D18
I2301001,L7,2023,202320,D18
I2301910,L7,2023,202320,D18
I2301954,L7,2023,202320,D18
I2300749,L7,2023,202320,D18
I2300239,L7,2023,202320,D18
I2300718,L7,2023,202320,D18
I2300867,L7,2023,202320,D18
I2301907,L7,2023,202320,D18
I2302148,L7,2023,202320,D18
I2300421,L7,2023,202320,D18
I2300380,L7,2023,202320,D18
I2300934,L7,2023,202320,D18
I2302532,L7,2023,202320,D18
I2301134,L7,2023,202320,D18
I2302281,L7,2023,202320,D18
I2301031,L7,2023,202320,D18
I2300882,L7,2023,202320,D18
I2302278,L7,2023,202320,D20
I2300385,L7,2023,202320,D20
I2300989,L7,2023,202320,D20
I2302599,L7,2023,202320,D20
I2300765,L7,2023,202310,D13
I2301488,L7,2023,202320,D20
I2302183,L7,2023,202320,D20
I2300951,L7,2023,202320,D20
I2300019,L7,2023,202320,D20
I2301791,L7,2023,202320,D20
I2302501,L7,2023,202320,D20
I2302615,L7,2023,202320,D20
I2300516,L7,2023,202320,D20
I2300845,L7,2023,202320,D20
I2301453,L7,2023,202320,D20
I2301050,L7,2023,202320,D20
I2301486,L7,2023,202320,D20
I2301441,L7,2023,202320,D20
I2301022,L7,2023,202320,D20
I2300205,L7,2023,202320,D20
I2302070,L7,2023,202320,D20
I2300998,L7,2023,202320,D20
I2300241,L7,2023,202330,D26
I2301877,L7,2023,202320,D13
I2301878,L7,2023,202330,D26
I2300918,L7,2023,202320,D13
I2300418,L7,2023,202320,D13
I2301442,L7,2023,202320,D11
I2302168,L7,2023,202320,D06
I2300980,L7,2023,202310,D08
I2301960,L7,2023,202320,D06
I2300847,L7,2023,202320,D08
I2301100,L7,2023,202320,D11
I2300672,L7,2023,202320,D08
I2301788,L7,2023,202320,D11
I2300032,L7,2023,202330,D13
I2301207,L7,2023,202330,D13
I2302140,L7,2023,202320,D13
I2301707,L7,2023,202320,D13
I2301975,L7,2023,202320,D13
I2300945,L7,2023,202320,D13
I2301491,L7,2023,202320,D13
I2301184,L7,2023,202330,D20
I2300866,L7,2023,202320,D17
I2302086,L7,2023,202320,D22
I2302618,L7,2023,202320,D22
I2300262,L7,2023,202320,D22
I2302701,L7,2023,202320,D22
I2301296,L7,2023,202320,D22
I2302314,L7,2023,202320,D22
I2301472,L7,2023,202320,D22
I2300332,L7,2023,202320,D22
I2301955,L6,2023,202320,D04
I2302107,L7,2023,202320,D04
I2301251,L7,2023,202330,D04
I2301963,L7,2023,202320,D04
I2300365,L7,2023,202320,D04
I2301868,L7,2023,202320,D04
I2301605,L6,2023,202320,D04
I2301640,L6,2023,202320,D04
I2300906,L7,2023,202320,D13
I2300489,L7,2023,202320,D08
I2300067,L7,2023,202320,D02
I2301736,L7,2023,202330,D22
I2301995,L7,2023,202320,D24
I2302300,L7,2023,202320,D24
I2300114,L7,2023,202320,D24
I2301197,L7,2023,202320,D23
I2300895,L5,2023,202320,D23
I2300520,L5,2023,202320,D23
I2300629,L5,2023,202320,D23
I2301869,L4,2023,202320,D15
I2301091,L7,2023,202320,D15
I2300679,L7,2023,202320,D26
I2301854,L7,2023,202320,D26
I2302030,L7,2023,202320,D26
I2302328,L4,2023,202320,D26
I2301299,L6,2023,202320,D26
I2302403,L6,2023,202320,D26
I2300051,L7,2023,202320,D26
I2300532,L7,2023,202320,D26
I2300272,L7,2023,202320,D26
I2302091,L7,2023,202320,D26
I2301073,L4,2023,202320,D26
I2300530,L7,2023,202320,D26
I2300828,L7,2023,202320,D26
I2302609,L7,2023,202320,D26
I2301318,L7,2023,202320,D26
I2300668,L6,2023,202320,D26
I2302464,L7,2023,202320,D26
I2300052,L7,2023,202330,D26
I2300952,L6,2023,202320,D26
I2301213,L4,2023,202320,D26
I2300965,L4,2023,202320,D26
I2300566,L7,2023,202330,D26
I2301424,L7,2023,202320,D26
I2302277,L6,2023,202320,D26
I2300567,L7,2023,202320,D26
I2301664,L7,2023,202320,D26
I2302390,L7,2023,202320,D26
I2300339,L6,2023,202320,D26
I2301661,L7,2023,202320,D26
I2301101,L6,2023,202320,D26
I2301896,L7,2023,202320,D26
I2302177,L7,2023,202320,D26
I2301807,L6,2023,202320,D26
I2302555,L6,2023,202320,D26
I2301865,L6,2023,202320,D26
I2301586,L7,2023,202320,D26
I2302548,L4,2023,202320,D23
I2300451,L4,2023,202320,D23
I2302541,L5,2023,202320,D12
I2301041,L7,2023,202320,D24
I2302522,L7,2023,202330,D26
I2301481,L7,2023,202320,D24
I2301113,L7,2023,202330,D26
I2302161,L4,2023,202320,D04
I2300928,L6,2023,202320,D04
I2300759,L6,2023,202320,D04
I2301858,L5,2023,202320,D04
I2302263,L5,2023,202320,D04
I2300170,L7,2023,202320,D13
I2300664,L7,2023,202330,D26
I2300645,L7,2023,202330,D26
I2301052,L7,2023,202330,D26
I2301916,L7,2023,202330,D26
I2300326,L7,2023,202330,D26
I2301425,L7,2023,202330,D26
I2302089,L7,2023,202330,D26
I2301341,L7,2023,202330,D26
I2300713,L7,2023,202330,D26
I2301725,L6,2023,202310,D02
I2301679,L7,2023,202330,D26
I2301125,L7,2023,202330,D26
I2301396,L7,2023,202330,D26
I2301595,L7,2023,202330,D26
I2302401,L7,2023,202330,D26
I2302416,L7,2023,202330,D26
I2301087,L7,2023,202330,D26
I2302404,L7,2023,202330,D26
I2300018,L7,2023,202330,D26
I2302054,L7,2023,202330,D26
I2300394,L7,2023,202330,D26
I2300535,L7,2023,202330,D26
I2302289,L7,2023,202330,D26
I2302088,L7,2023,202330,D26
I2300094,L7,2023,202330,D26
I2301386,L7,2023,202330,D26
I2302068,L7,2023,202330,D26
I2301914,L7,2023,202330,D26
I2301287,L7,2023,202330,D26
I2300416,L7,2023,202330,D26
I2302283,L7,2023,202330,D26
I2302693,L7,2023,202330,D26
I2300456,L7,2023,202330,D26
I2300742,L7,2023,202330,D26
I2301028,L7,2023,202330,D26
I2300352,L7,2023,202330,D26
I2302055,L7,2023,202330,D26
I2301660,L7,2023,202330,D26
I2301894,L7,2023,202330,D26
I2300711,L7,2023,202330,D26
I2302158,L7,2023,202330,D26
I2300474,L7,2023,202330,D26
I2300297,L7,2023,202330,D26
I2300481,L7,2023,202330,D26
I2302129,L7,2023,202330,D26
I2301619,L7,2023,202330,D26
I2302265,L7,2023,202330,D26
I2301552,L7,2023,202330,D26
I2302688,L7,2023,202330,D26
I2300897,L7,2023,202330,D26
I2301859,L7,2023,202330,D26
I2302226,L7,2023,202330,D26
I2302253,L7,2023,202330,D26
I2300344,L7,2023,202330,D26
I2302575,L7,2023,202330,D26
I2302691,L7,2023,202330,D26
I2300504,L7,2023,202330,D26
I2301294,L7,2023,202330,D26
I2300971,L7,2023,202330,D26
I2300086,L7,2023,202330,D26
I2301543,L7,2023,202330,D26
I2301494,L7,2023,202330,D26
I2301334,L7,2023,202330,D26
I2302258,L7,2023,202330,D26
I2301088,L7,2023,202330,D26
I2300829,L7,2023,202330,D26
I2302415,L7,2023,202330,D26
I2301899,L7,2023,202330,D26
I2300222,L7,2023,202330,D26
I2301380,L7,2023,202330,D26
I2300082,L7,2023,202330,D26
I2302438,L7,2023,202330,D26
I2301072,L7,2023,202330,D26
I2302211,L7,2023,202330,D26
I2301501,L7,2023,202330,D26
I2302217,L7,2023,202330,D26
I2300199,L7,2023,202330,D26
I2300627,L7,2023,202330,D26
I2301487,L7,2023,202330,D26
I2302245,L7,2023,202330,D26
I2302310,L7,2023,202330,D26
I2301678,L7,2023,202330,D12
I2301592,L7,2023,202310,D08
I2301602,L6,2023,202330,D12
I2301498,L7,2023,202310,D08
I2300803,L7,2023,202320,D08
I2302079,L6,2023,202330,D12
I2300560,L7,2023,202310,D08
I2301273,L7,2023,202330,D26
I2302536,L7,2023,202320,D24
I2300619,L7,2023,202330,D26
I2301889,L7,2023,202330,D24
I2301448,L7,2023,202330,D26
I2300935,L7,2023,202330,D26
I2302128,L7,2023,202330,D26
I2300366,L7,2023,202330,D26
I2301122,L7,2023,202330,D26
I2301579,L6,2023,202330,D10
I2300699,L7,2023,202330,D26
I2300221,L7,2023,202330,D26
I2300885,L7,2023,202330,D26
I2300772,L7,2023,202330,D26
I2300729,L7,2023,202310,D26
I2301309,L7,2023,202330,D26
I2300001,L6,2023,202330,D24
I2301267,L7,2023,202330,D10
I2300534,L7,2023,202330,D10
I2302411,L7,2023,202330,D10
I2301559,L7,2023,202330,D10
I2300419,L7,2023,202330,D10
I2302642,L5,2023,202330,D09
I2301588,L4,2023,202330,D19
I2301672,L6,2023,202330,D09
I2300750,L6,2023,202330,D09
I2300066,L5,2023,202330,D19
I2302610,L5,2023,202330,D19
I2300764,L4,2023,202330,D19
I2302280,L7,2023,202330,D25
I2302170,L7,2023,202330,D01
I2302252,L7,2023,202330,D27
I2302251,L4,2023,202330,D16
I2301685,L7,2023,202330,D16
I2301456,L7,2023,202330,D18
I2300748,L7,2023,202330,D18
I2300648,L7,2023,202330,D18
I2301795,L7,2023,202330,D18
I2301591,L7,2023,202340,D18
I2302053,L7,2023,202330,D18
I2300797,L7,2023,202330,D18
I2300292,L7,2023,202330,D18
I2300130,L7,2023,202330,D18
I2300460,L7,2023,202330,D18
I2302123,L7,2023,202330,D20
I2301192,L7,2023,202330,D20
I2302000,L7,2023,202330,D20
I2302069,L7,2023,202330,D20
I2301633,L7,2023,202330,D20
I2300813,L7,2023,202330,D08
I2300117,L7,2023,202330,D22
I2301798,L7,2023,202330,D22
I2300071,L7,2023,202330,D22
I2302134,L7,2023,202330,D22
I2302710,L7,2023,202330,D22
I2301539,L6,2023,202330,D04
I2300223,L6,2023,202330,D04
I2302593,L6,2023,202330,D04
I2302590,L6,2023,202330,D04
I2302362,L6,2023,202330,D04
I2300240,L6,2023,202330,D04
I2300254,L6,2023,202330,D04
I2302194,L6,2023,202330,D04
I2301589,L7,2023,202330,D24
I2301815,L7,2023,202330,D26
I2300726,L7,2023,202330,D26
I2301900,L7,2023,202330,D26
I2301204,L7,2023,202330,D26
I2302631,L7,2023,202330,D26
I2301007,L7,2023,202330,D26
I2301691,L7,2023,202330,D26
I2300898,L7,2023,202330,D26
I2301749,L7,2023,202330,D26
I2302657,L7,2023,202330,D26
I2301658,L7,2023,202330,D26
I2300269,L7,2023,202330,D26
I2301038,L7,2023,202330,D26
I2300832,L7,2023,202330,D26
I2301013,L7,2023,202330,D26
I2300500,L7,2023,202330,D26
I2301279,L7,2023,202330,D26
I2300732,L7,2023,202330,D26
I2301042,L7,2023,202330,D26
I2300281,L7,2023,202330,D24
I2300698,L6,2023,202330,D24
I2301580,L6,2023,202330,D04
I2301146,L6,2023,202330,D04
I2301663,L6,2023,202330,D04
I2301665,L6,2023,202330,D04
I2301245,L6,2023,202330,D04
I2300818,L6,2023,202330,D04
I2300413,L7,2023,202340,D22
I2301332,L7,2023,202340,D26
I2301684,L7,2023,202340,D26
I2301474,L7,2023,202340,D26
I2300870,L7,2023,202340,D26
I2300569,L7,2023,202340,D26
I2300149,L7,2023,202340,D26
I2300276,L7,2023,202340,D26
I2301444,L7,2023,202320,D02
I2301275,L6,2023,202320,D19
I2301307,L7,2023,202310,D02
I2301165,L7,2023,202310,D08
I2302396,L7,2023,202310,D22
I2301282,L7,2023,202310,D13
I2302016,L7,2023,202310,D04
I2302722,L7,2023,202320,D08
I2300180,L7,2023,202310,D27
I2301849,L7,2023,202330,D22
I2302485,L7,2023,202320,D26
I2301419,L7,2023,202330,D26
I2300920,L7,2023,202320,D26
I2302516,L7,2023,202320,D26
I2301755,L7,2023,202320,D12
I2301010,L7,2023,202320,D08
I2301577,L6,2023,202330,D02
I2302731,L7,2023,202310,D02
I2301925,L7,2023,202320,D02
I2300022,L7,2023,202310,D02
I2300720,L7,2023,202320,D02
I2301375,L7,2023,202310,D02
I2301114,L7,2023,202320,D02
I2301443,L7,2023,202310,D02
I2301391,L7,2023,202320,D02
I2301823,L7,2023,202310,D02
I2300141,L7,2023,202320,D02
I2300349,L7,2023,202320,D02
I2302198,L7,2023,202320,D01
I2300680,L7,2023,202330,D01
I2302001,L7,2023,202330,D01
I2300363,L7,2023,202320,D01
I2300054,L7,2023,202320,D01
I2300045,L7,2023,202330,D01
I2300737,L7,2023,202310,D01
I2300607,L7,2023,202320,D01
I2300862,L7,2023,202320,D01
I2302682,L7,2023,202310,D01
I2300893,L7,2023,202320,D01
I2302449,L7,2023,202310,D01
I2302572,L7,2023,202320,D01
I2301776,L7,2023,202310,D01
I2300480,L7,2023,202320,D01
I2301164,L7,2023,202320,D01
I2300884,L7,2023,202330,D01
I2300854,L7,2023,202310,D27
I2301982,L7,2023,202330,D27
I2301255,L7,2023,202310,D27
I2302469,L7,2023,202320,D27
I2300175,L7,2023,202310,D27
I2301718,L7,2023,202330,D27
I2302039,L7,2023,202310,D27
I2302189,L7,2023,202310,D11
I2301181,L7,2023,202310,D11
I2302109,L7,2023,202320,D11
I2300761,L7,2023,202330,D11
I2302095,L7,2023,202320,D11
I2302706,L7,2023,202330,D26
I2300046,L7,2023,202330,D04
I2302246,L7,2023,202310,D04
I2300835,L7,2023,202330,D26
I2300042,L7,2023,202330,D26
I2302571,L7,2023,202330,D26
I2300819,L7,2023,202330,D26
I2302537,L7,2023,202310,D26
I2301135,L7,2023,202320,D26
I2301582,L7,2023,202330,D26
I2300809,L7,2023,202330,D26
I2302704,L7,2023,202330,D26
I2300055,L7,2023,202330,D26
I2301972,L7,2023,202310,D24
I2301314,L7,2023,202310,D24
I2302216,L7,2023,202310,D26
I2302051,L7,2023,202310,D26
I2300378,L7,2023,202310,D15
I2301819,L7,2023,202330,D24
I2301383,L7,2023,202330,D26
I2302141,L7,2023,202320,D26
I2301404,L7,2023,202330,D26
I2301829,L7,2023,202330,D26
I2300185,L7,2023,202320,D26
I2301264,L7,2023,202320,D26
I2301123,L7,2023,202320,D26
I2301911,L7,2023,202310,D26
I2301221,L7,2023,202310,D26
I2301470,L7,2023,202310,D26
I2302647,L7,2023,202320,D26
I2302329,L7,2023,202320,D26
I2301026,L7,2023,202320,D26
I2301153,L7,2023,202320,D26
I2302146,L7,2023,202310,D26
I2301140,L7,2023,202310,D26
I2300687,L7,2023,202310,D26
I2300311,L7,2023,202320,D26
I2302096,L7,2023,202320,D26
I2300445,L7,2023,202320,D26
I2300760,L7,2023,202320,D26
I2301037,L7,2023,202330,D24
I2301340,L7,2023,202320,D26
I2301550,L6,2023,202310,D15
I2300158,L7,2023,202310,D15
I2300368,L7,2023,202310,D26
I2300355,L7,2023,202330,D26
I2302591,L7,2023,202330,D26
I2302293,L7,2023,202320,D11
I2302144,L7,2023,202330,D11
I2300949,L7,2023,202320,D26
I2301178,L7,2023,202330,D26
I2302324,L6,2023,202320,D04
I2300924,L7,2023,202330,D26
I2302127,L7,2023,202330,D24
I2301564,L7,2023,202330,D16
I2300984,L7,2023,202330,D16
I2302273,L7,2023,202320,D16
I2302154,L6,2023,202310,D09
I2300333,L5,2023,202310,D09
I2300097,L7,2023,202310,D09
I2300916,L7,2023,202310,D09
I2300327,L6,2023,202310,D27
I2300350,L6,2023,202310,D03
I2302661,L4,2023,202310,D03
I2301532,L5,2023,202310,D03
I2301035,L7,2023,202310,D15
I2301436,L7,2023,202310,D15
I2301103,L7,2023,202310,D15
I2300388,L7,2023,202310,D15
I2302206,L5,2023,202330,D15
I2301427,L5,2023,202340,D15
I2300299,L6,2023,202330,D15
I2302419,L6,2023,202340,D15
I2301655,L6,2023,202310,D15
I2302644,L4,2023,202310,D15
I2300053,L5,2023,202310,D15
I2302696,L7,2023,202310,D19
I2300585,L7,2023,202310,D19
I2302473,L7,2023,202310,D19
I2301093,L7,2023,202310,D19
I2300618,L7,2023,202310,D19
I2301748,L7,2023,202310,D19
I2301668,L7,2023,202310,D19
I2300505,L7,2023,202310,D19
I2302236,L7,2023,202310,D19
I2301770,L6,2023,202310,D01
I2301687,L6,2023,202310,D01
I2300315,L7,2023,202310,D12
I2300840,L5,2023,202340,D20
I2302181,L4,2023,202310,D04
I2302066,L5,2023,202310,D04
I2302388,L4,2023,202310,D04
I2302259,L5,2023,202310,D04
I2301897,L7,2023,202310,D21
I2300994,L6,2023,202310,D23
I2301930,L5,2023,202310,D23
I2301223,L7,2023,202320,D04
I2300731,L7,2023,202330,D04
I2300997,L5,2023,202340,D02
I2300784,L5,2023,202330,D21
I2301831,L5,2023,202340,D21
I2300584,L6,2023,202320,D19
I2301997,L7,2023,202320,D19
I2301584,L7,2023,202320,D19
I2301130,L7,2023,202320,D19
I2302665,L7,2023,202320,D19
I2300477,L6,2023,202320,D19
I2302270,L7,2023,202320,D19
I2302734,L7,2023,202320,D16
I2301029,L7,2023,202330,D19
I2301585,L7,2023,202330,D19
I2302543,L7,2023,202330,D19
I2301344,L7,2023,202330,D19
I2300025,L7,2023,202330,D19
I2300336,L7,2023,202330,D19
I2301118,L7,2023,202330,D24
I2302201,L7,2023,202340,D15
I2300381,L7,2023,202340,D03
I2300892,L4,2023,202340,D15
I2301347,L4,2023,202340,D03
I2301195,L5,2023,202330,D27
I2300872,L5,2023,202340,D27
I2300306,L5,2023,202330,D16
I2301511,L5,2023,202340,D16
I2302222,L5,2023,202340,D09
I2301840,L5,2023,202340,D24
I2300192,L5,2023,202340,D19
I2300423,L5,2023,202330,D03
I2300631,L5,2023,202340,D03
I2300904,L5,2023,202340,D23
I2300824,L6,2023,202340,D20
I2302476,L6,2023,202340,D08
I2301567,L6,2023,202330,D02
I2302174,L6,2023,202340,D02
I2301320,L6,2023,202330,D27
I2302387,L6,2023,202340,D27
I2301893,L6,2023,202330,D16
I2300035,L6,2023,202340,D16
I2300590,L6,2023,202330,D03
I2302264,L6,2023,202340,D03
I2302093,L6,2023,202330,D21
I2300967,L6,2023,202340,D21
I2302459,L6,2023,202340,D23
I2300630,L6,2023,202340,D14
I2302586,L5,2023,202340,D13
I2300943,L5,2023,202340,D11
I2301898,L5,2023,202340,D01
I2300204,L5,2023,202340,D12
I2300983,L5,2023,202340,D14
I2301557,L6,2023,202340,D01
I2300513,L4,2023,202340,D12
I2302632,L7,2023,202340,D01
I2300675,L7,2023,202340,D14
I2300825,L7,2023,202330,D26
I2301839,L7,2023,202330,D26
I2301044,L7,2023,202330,D26
I2301817,L7,2023,202330,D26
I2300285,L7,2023,202330,D26
I2301793,L7,2023,202330,D26
I2300488,L7,2023,202330,D26
I2302017,L7,2023,202330,D26
I2302036,L7,2023,202320,D26
I2302106,L7,2023,202310,D26
I2301308,L7,2023,202330,D26
I2300863,L7,2023,202330,D26
I2300414,L7,2023,202330,D26
I2301211,L7,2023,202320,D26
I2300777,L7,2023,202320,D26
I2301542,L7,2023,202320,D26
I2301875,L7,2023,202320,D26
I2302453,L7,2023,202320,D26
I2300740,L7,2023,202320,D26
I2302279,L7,2023,202320,D26
I2300148,L7,2023,202310,D26
I2301439,L7,2023,202310,D26
I2301958,L7,2023,202310,D26
I2300626,L7,2023,202310,D26
I2302565,L7,2023,202310,D26
I2300779,L7,2023,202310,D26
I2302568,L7,2023,202310,D26
I2302349,L7,2023,202310,D26
I2300265,L7,2023,202310,D26
I2302447,L7,2023,202310,D26
I2300286,L6,2023,202310,D26
I2301519,L7,2023,202310,D26
I2302630,L4,2023,202310,D09
I2302498,L7,2023,202310,D26
I2302103,L7,2023,202310,D26
I2301461,L7,2023,202310,D26
I2300701,L7,2023,202310,D26
I2300126,L7,2023,202310,D26
